1 produkt	1 Produkt
100% plantebaseret CBD	100% pflanzenbasiertes CBD
2 produkter	2 Produkte
3 produkter	3 Produkte
4 produkter	4 Produkte
Aften	Abends
ALFALAB til mænd	ALFALAB für Männer
Allan og Lizbeth filmes i butikken	Allan und Lizbeth werden im Laden gefilmt
Allerede medlem? Log ind	Schon Mitglied? Anmelden
Anmeldelser	Bewertungen
Ansigt	Gesicht
Bag kulisserne	Hinter den Kulissen
Begynd enkelt, og mærk efter	Einfach anfangen und in Ruhe ausprobieren
Begynd med hudolien	Mit dem Hautpflegeöl beginnen
Behov	Bedürfnis
Beroligende	Beruhigend
Beskyttelse	Schutz
Beskyttende	Schützend
Bliv forhandler →	Händler werden →
Bliv medlem	Mitglied werden
Bliv medlem · Gratis	Mitglied werden · Kostenlos
Bliv medlem →	Mitglied werden →
Bumser og uren hud	Pickel und unreine Haut
Butik & kontakt	Geschäft & Kontakt
Butikkens åbningstider	Öffnungszeiten des Geschäfts
CBD & lovgivning	CBD & Gesetzgebung
CBD i hudpleje	CBD in der Hautpflege
Creme, serum & rens	Creme, Serum & Reinigung
Danmarks første, og stadig drevet af én familie	Dänemarks erste, und immer noch von einer Familie geführt
Det siger vores kunder	Das sagen unsere Kunden
Det, kunderne oftest spørger os om: CBD, kvalitet, brug og levering.	Das, was Kunden uns am häufigsten fragen: CBD, Qualität, Anwendung und Lieferung.
Din enkle morgenrutine	Ihre einfache Morgenroutine
Dine favoritter	Ihre Favoriten
Duft & ro	Duft & Ruhe
e-mærket webshop	e-mærket zertifizierter Webshop
E-vitamin	Vitamin E
En anerkendelse af det vi har bygget op	Eine Anerkennung dessen, was wir aufgebaut haben
En enkel del af din daglige rutine	Ein einfacher Teil Ihrer täglichen Routine
En naturlig forbindelse	Eine natürliche Verbindung
Er CBD lovligt i hudpleje i Danmark?	Ist CBD in der Hautpflege in Dänemark legal?
Er dag- og natcreme testet?	Sind Tages- und Nachtcreme getestet?
Er produkterne veganske?	Sind die Produkte vegan?
Erhverv	Geschäftskunden
Et nyt kapitel for NatureCell®	Ein neues Kapitel für NatureCell®
Et øjeblik for dig, hver dag	Ein Moment für Sie, jeden Tag
Eye gel & natcreme	Eye Gel & Nachtcreme
Fedtet hud	Fettige Haut
Find det rigtige til dig	Finden Sie das Richtige für sich
Find din rutine	Finden Sie Ihre Routine
Fire produkter: hele rutinen samlet i én pakke	Vier Produkte: die ganze Routine in einem Set
Fodcreme & pleje	Fußcreme & Pflege
For forhandlere & klinikker	Für Händler & Kliniken
Foran kameraet i butikken	Vor der Kamera im Laden
Fordele der følger med	Vorteile, die dazugehören
Fugt	Feuchtigkeit
Fugt & pleje	Feuchtigkeit & Pflege
Fuld åbenhed	Volle Transparenz
Full Spectrum industriel hamp	Full-Spectrum-Industriehanf
Få 15% på din første ordre.	Erhalten Sie 15% auf Ihre erste Bestellung.
Fødder	Füße
Følsom og sart hud	Empfindliche und zarte Haut
Gemt til senere	Für später gespeichert
Gennemsyn af optagelserne	Sichtung der Aufnahmen
Genopbygning	Aufbau
Genopretter hudens balance	Stellt das Gleichgewicht der Haut wieder her
GMP- & ISO-certificeret	GMP- & ISO-zertifiziert
Gratis medlemskab · afmeld når som helst · vi deler ikke dine data.	Kostenlose Mitgliedschaft · jederzeit kündbar · wir geben Ihre Daten nicht weiter.
Grundlæggere af NatureCell	Gründer von NatureCell
Gør mere med mindre	Mehr mit weniger
Hampfrøolie	Hanfsamenöl
Hele rutinen samlet	Die ganze Routine in einem Set
Hele serien	Die ganze Serie
Herre	Herren
Historien bag NatureCell	Die Geschichte hinter NatureCell
Hjælp & svar	Hilfe & Antworten
Holdet ved søen	Das Team am See
Hudolie og dagcreme	Hautpflegeöl und Tagescreme
Hudolie, dagcreme og natcreme	Hautpflegeöl, Tagescreme und Nachtcreme
Hudpleje	Hautpflege
Hudpleje Olie 1000 mg, 30 ml	Hautpflegeöl 1000 mg, 30 ml
Hudpleje-quiz	Hautpflege-Quiz
Hvad er CBD?	Was ist CBD?
Hvad er forskellen på CBD og THC?	Was ist der Unterschied zwischen CBD und THC?
Hvad er forskellen på hampolie og CBD?	Was ist der Unterschied zwischen Hanföl und CBD?
Hvad får jeg i Kundeklubben?	Was bekomme ich im Kundenclub?
Hvad kunderne siger	Was unsere Kunden sagen
Hvilke betalingsmuligheder har I?	Welche Zahlungsmöglichkeiten gibt es?
Hvilke hovedingredienser bruger I?	Welche Hauptinhaltsstoffe verwenden Sie?
Hvor hurtigt ser jeg resultater?	Wie schnell sehe ich Ergebnisse?
Hvor kan jeg ellers købe NatureCell?	Wo kann ich NatureCell sonst noch kaufen?
Hvor produceres NatureCell?	Wo wird NatureCell produziert?
Hvor skal jeg starte, hvis jeg er ny?	Wo soll ich anfangen, wenn ich neu bin?
Hvor skal jeg starte?	Wo soll ich anfangen?
Hvordan bliver jeg forhandler?	Wie werde ich Händler?
Hvordan kontakter jeg jer?	Wie kann ich Sie kontaktieren?
Hvordan opbevarer jeg produkterne?	Wie bewahre ich die Produkte auf?
Hyaluronsyre	Hyaluronsäure
Hydrerende	Hydratisierend
Håndcreme & balm	Handcreme & Balm
Hår	Haar
Hænder	Hände
I harmoni med huden	Im Einklang mit der Haut
Idéen fødes	Die Idee entsteht
Ingredienser & egenskaber	Inhaltsstoffe & Eigenschaften
Ingredienser & kvalitet	Inhaltsstoffe & Qualität
Jesper Buch investerer i NatureCell®	Jesper Buch investiert in NatureCell®
Kan jeg få et gavekort?	Kann ich eine Geschenkkarte bekommen?
Kan jeg kombinere NatureCell med min nuværende hudpleje?	Kann ich NatureCell mit meiner aktuellen Hautpflege kombinieren?
Kan jeg returnere min ordre?	Kann ich meine Bestellung zurückgeben?
Kan jeg se produkterne fysisk?	Kann ich die Produkte vor Ort sehen?
Kan man blive påvirket af CBD-hudpleje?	Kann man von CBD-Hautpflege berauscht werden?
Kan produkterne bruges på sensitiv hud?	Können die Produkte bei sensibler Haut verwendet werden?
Klar til næste fase	Bereit für die nächste Phase
Kom godt i gang med CBD	Gut starten mit CBD
Kom godt i gang med CBD hudpleje	Gut starten mit CBD Hautpflege
Kombineret hud	Mischhaut
Kontakt os	Kontaktieren Sie uns
Krop	Körper
Kundecases	Kundenberichte
Kundeklub	Kundenclub
Kundeklub & B2B	Kundenclub & B2B
Kunder	Kunden
Kundernes favoritter	Die Favoriten unserer Kunden
Kundeservice	Kundenservice
Kvalitet i hvert led	Qualität in jedem Schritt
Køb flere, spar mere	Mehr kaufen, mehr sparen
Køb NatureCell	NatureCell kaufen
Lavendelolie	Lavendelöl
Levering & returnering	Lieferung & Rückgabe
Lille Nyhavn 10, 2. tv.
8660 Skanderborg, Danmark
CVR: 42256013	Lille Nyhavn 10, 2. tv.
8660 Skanderborg, Dänemark
CVR: 42256013
Lizbeth fra NatureCell	Lizbeth von NatureCell
Lizbeth og Allan fra NatureCell sammen med videoholdet ved søen	Lizbeth und Allan von NatureCell zusammen mit dem Videoteam am See
Lizbeth optages til en produktvideo	Lizbeth wird für ein Produktvideo aufgenommen
Lizbeth på skærmen	Lizbeth auf dem Bildschirm
Log ind	Anmelden
Lotion & olie	Lotion & Öl
Læs mere om moden hud	Mehr über reife Haut lesen
Læs mere om tør hud	Mehr über trockene Haut lesen
Læs mere om uren hud	Mehr über unreine Haut lesen
Læs vores historie →	Unsere Geschichte lesen →
Mandag til fredag 9.00 til 15.00	Montag bis Freitag 9.00 bis 15.00 Uhr
Mandelolie	Mandelöl
Mango Butter	Mangobutter
MCT-olie	MCT-Öl
Meld dig ind på 30 sekunder	In 30 Sekunden Mitglied werden
Mest elskede	Am beliebtesten
Mild & uden parfume	Mild & ohne Parfum
Moden hud	Reife Haut
Morgen	Morgens
Morgen og aften	Morgens und abends
Mød grundlæggerne	Lernen Sie die Gründer kennen
NatureCell Kundeklub	NatureCell Kundenclub
Niacinamide	Niacinamid
Niacinamide (B3)	Niacinamid (B3)
Nyhedsbrev	Newsletter
Næring	Nährend
Ofte stillede spørgsmål	Häufige Fragen
Olie & balm	Öl & Balm
Om NatureCell	Über NatureCell
Område	Bereich
Omtalt i	Erwähnt in
Optagelser i butikken	Dreharbeiten im Laden
Passer godt sammen med	Passt gut dazu
Plantebaseret & uden syntetisk parfume	Pflanzenbasiert & ohne synthetisches Parfum
Plantebaseret hudpleje	Pflanzenbasierte Hautpflege
Pleje	Pflege
Pleje morgen og aften	Pflege morgens und abends
Populære søgninger	Beliebte Suchen
Produkter & brug	Produkte & Anwendung
Produkterne filmes med telefonen	Die Produkte werden mit dem Handy gefilmt
Produkterne i fokus	Die Produkte im Fokus
Rens, olie og cremer til morgen og aften, samlet i én pakke.	Reinigung, Öl und Cremes für morgens und abends, zusammen in einem Set.
Rensegel & pleje	Reinigungsgel & Pflege
Rensegel, hudolie, dagcreme og natcreme	Reinigungsgel, Hautpflegeöl, Tagescreme und Nachtcreme
Rynker og fine linjer	Falten und feine Linien
Rødme og irritation	Rötungen und Irritationen
Rødme, tør eller følsom hud	Rötungen, trockene oder empfindliche Haut
Se [produkt] i brug	[produkt] in der Anwendung sehen
Se alle	Alle ansehen
Se alle cases →	Alle Berichte ansehen →
Se hudolien	Zum Hautpflegeöl
Se Komplet Sampakke →	Komplettes Set ansehen →
Se Kompletpakken	Zum Komplettpaket
Se kundecases	Kundenberichte ansehen
Se Løvepakken →	Zum Löwenpaket →
Se pakken	Zum Set
Se pakken med hudolie og dagcreme	Zum Set mit Hautpflegeöl und Tagescreme
Se pakken med tre produkter	Zum Set mit drei Produkten
Se ritualet	Das Ritual ansehen
Sensitiv hud	Sensible Haut
Serum & creme	Serum & Creme
Shampoo & pleje	Shampoo & Pflege
Sheasmør	Sheabutter
Shop al hudpleje	Alle Hautpflege shoppen
Shop efter område eller behov	Nach Bereich oder Bedürfnis shoppen
Shop hudpleje →	Hautpflege shoppen →
Shop NatureCell →	NatureCell shoppen →
Sign up	Anmelden
Skabt til [område]	Gemacht für [område]
Skriv til os	Schreiben Sie uns
Skriv til os. Vi svarer typisk inden for én hverdag.	Schreiben Sie uns. Wir antworten in der Regel innerhalb eines Werktags.
Som set i Løvens Hule	Bekannt aus dem dänischen TV: Løvens Hule
Squalane	Squalan
Sådan bliver vores produktvideoer til	So entstehen unsere Produktvideos
Sådan bruger du den	So wenden Sie es an
Sådan starter du	So starten Sie
Sådan virker det	So funktioniert es
Søg på produkt, ingrediens, behov …	Nach Produkt, Inhaltsstoff oder Bedürfnis suchen …
Tak til vores kunder	Danke an unsere Kundinnen und Kunden
Tester I på dyr?	Testen Sie an Tieren?
Til dig, der vil have en creme til morgenen og en til aftenen.	Für alle, die eine Creme für den Morgen und eine für den Abend möchten.
Tilbage til shop	Zurück zum Shop
To produkter: hudolie og dagcreme	Zwei Produkte: Hautpflegeöl und Tagescreme
To trin om morgenen: et par dråber olie og derefter dagcremen.	Zwei Schritte am Morgen: ein paar Tropfen Öl und danach die Tagescreme.
Tre produkter: hudolie, dagcreme og natcreme	Drei Produkte: Hautpflegeöl, Tagescreme und Nachtcreme
Tør hud	Trockene Haut
Udforsk alle ingredienser →	Alle Inhaltsstoffe entdecken →
Udstråling	Strahlkraft
Unik terpeneprofil	Einzigartiges Terpenprofil
Uren hud	Unreine Haut
Vegansk	Vegan
Vegansk & plantebaseret	Vegan & pflanzenbasiert
Velegnet til alle hudtyper	Geeignet für alle Hauttypen
Vi sidder klar	Wir sind für Sie da
Video kommer snart	Video folgt in Kürze
Videoholdet filmer i butikken	Das Videoteam filmt im Laden
Videoholdet gennemser optagelserne	Das Videoteam sieht sich die Aufnahmen an
Vil du forhandle NatureCell?	Möchten Sie NatureCell verkaufen?
Vores historie	Unsere Geschichte
Vores ingredienser	Unsere Inhaltsstoffe
Vores rejse	Unsere Reise
Vælg dit udgangspunkt	Wählen Sie Ihren Einstieg
Vælg hvor du har brug for pleje, eller hvad din hud har brug for.	Wählen Sie, wo Sie Pflege brauchen, oder was Ihre Haut braucht.
Ægte oplevelser	Echte Erfahrungen
Én serie, til hele din rutine	Eine Serie für Ihre ganze Routine
Ét produkt: begynd med hudolien	Ein Produkt: mit dem Hautpflegeöl beginnen